Hour Ending,ERCOT
1/1/2021 1:00:00,43719.849616
1/1/2021 2:00:00,43321.050347
1/1/2021 3:00:00,43063.067063
1/1/2021 4:00:00,43090.059203
1/1/2021 5:00:00,43486.590073
1/1/2021 6:00:00,44265.319522
1/1/2021 7:00:00,45290.288241
1/1/2021 8:00:00,45947.824447
1/1/2021 9:00:00,46090.642978
1/1/2021 10:00:00,46178.732104
1/1/2021 11:00:00,46022.210194
1/1/2021 12:00:00,45490.278259
1/1/2021 13:00:00,44600.609551
1/1/2021 14:00:00,43625.863405
1/1/2021 15:00:00,42757.790583
1/1/2021 16:00:00,42417.512364
1/1/2021 17:00:00,42760.422315
1/1/2021 18:00:00,44643.920344
1/1/2021 19:00:00,46301.362708
1/1/2021 20:00:00,46318.015757
1/1/2021 21:00:00,46024.185636
1/1/2021 22:00:00,45464.691844
1/1/2021 23:00:00,44236.673676
1/2/2021 0:00:00,42919.896014
1/2/2021 1:00:00,41716.424008
1/2/2021 2:00:00,40873.337879
1/2/2021 3:00:00,40493.864091
1/2/2021 4:00:00,40463.803261
1/2/2021 5:00:00,41042.988572
1/2/2021 6:00:00,42195.181181
1/2/2021 7:00:00,43824.638436
1/2/2021 8:00:00,45320.471629
1/2/2021 9:00:00,45845.890563
1/2/2021 10:00:00,45221.34728
1/2/2021 11:00:00,43769.847519
1/2/2021 12:00:00,42067.210507
1/2/2021 13:00:00,40259.022202
1/2/2021 14:00:00,38635.819055
1/2/2021 15:00:00,37481.713403
1/2/2021 16:00:00,36872.224736
1/2/2021 17:00:00,37106.585529
1/2/2021 18:00:00,38938.897413
1/2/2021 19:00:00,41922.3
1/2/2021 20:00:00,42738.371798
1/2/2021 21:00:00,43192.326831
1/2/2021 22:00:00,43073.294224
1/2/2021 23:00:00,42322.753219
1/3/2021 0:00:00,41407.986228
1/3/2021 1:00:00,40618.532403
1/3/2021 2:00:00,40119.318832
1/3/2021 3:00:00,40080.856984
1/3/2021 4:00:00,40360.32995
1/3/2021 5:00:00,40883.162848
1/3/2021 6:00:00,41949.652922
1/3/2021 7:00:00,43325.880427
1/3/2021 8:00:00,44422.819254
1/3/2021 9:00:00,44372.415366
1/3/2021 10:00:00,42951.538987
1/3/2021 11:00:00,41072.131167
1/3/2021 12:00:00,39366.147972
1/3/2021 13:00:00,37919.259694
1/3/2021 14:00:00,36711.395193
1/3/2021 15:00:00,35796.561978
1/3/2021 16:00:00,35455.937369
1/3/2021 17:00:00,35674.626435
1/3/2021 18:00:00,37227.888035
1/3/2021 19:00:00,39565.816481
1/3/2021 20:00:00,39953.792204
1/3/2021 21:00:00,39877.446175
1/3/2021 22:00:00,39376.58862
1/3/2021 23:00:00,38151.990665
1/4/2021 0:00:00,36836.825114
1/4/2021 1:00:00,35936.858941
1/4/2021 2:00:00,35623.02625
1/4/2021 3:00:00,35670.629311
1/4/2021 4:00:00,36214.154124
1/4/2021 5:00:00,37418.67859
1/4/2021 6:00:00,39853.918668
1/4/2021 7:00:00,43215.66717
1/4/2021 8:00:00,45385.076266
1/4/2021 9:00:00,45112.900057
1/4/2021 10:00:00,43476.191818
1/4/2021 11:00:00,41932.088548
1/4/2021 12:00:00,40690.235961
1/4/2021 13:00:00,39801.586547
1/4/2021 14:00:00,39262.127146
1/4/2021 15:00:00,38869.845139
1/4/2021 16:00:00,38701.689788
1/4/2021 17:00:00,38653.129473
1/4/2021 18:00:00,39420.693421
1/4/2021 19:00:00,41314.124394
1/4/2021 20:00:00,41096.179689
1/4/2021 21:00:00,40442.560133
1/4/2021 22:00:00,39456.786278
1/4/2021 23:00:00,37863.536206
1/5/2021 0:00:00,36100.465504
1/5/2021 1:00:00,35007.376165
1/5/2021 2:00:00,34646.352493
1/5/2021 3:00:00,34691.307418
1/5/2021 4:00:00,35211.544046
1/5/2021 5:00:00,36519.119138
1/5/2021 6:00:00,39073.905882
1/5/2021 7:00:00,42742.00778
1/5/2021 8:00:00,44873.30254
1/5/2021 9:00:00,44600.292041
1/5/2021 10:00:00,43264.370331
1/5/2021 11:00:00,42035.419724
1/5/2021 12:00:00,40946.150039
1/5/2021 13:00:00,39999.251899
1/5/2021 14:00:00,39398.655226
1/5/2021 15:00:00,38851.660884
1/5/2021 16:00:00,38578.312005
1/5/2021 17:00:00,38654.579288
1/5/2021 18:00:00,39784.689106
1/5/2021 19:00:00,41685.461261
1/5/2021 20:00:00,41482.461377
1/5/2021 21:00:00,40825.81082
1/5/2021 22:00:00,39480.910002
1/5/2021 23:00:00,37541.63746
1/6/2021 0:00:00,35429.816372
1/6/2021 1:00:00,33903.337117
1/6/2021 2:00:00,32944.979784
1/6/2021 3:00:00,32457.679148
1/6/2021 4:00:00,32364.344919
1/6/2021 5:00:00,33023.310516
1/6/2021 6:00:00,34883.977127
1/6/2021 7:00:00,37689.13583
1/6/2021 8:00:00,39324.763818
1/6/2021 9:00:00,39843.817196
1/6/2021 10:00:00,40494.790957
1/6/2021 11:00:00,40844.493436
1/6/2021 12:00:00,41033.500047
1/6/2021 13:00:00,40812.180919
1/6/2021 14:00:00,40555.326498
1/6/2021 15:00:00,40253.973338
1/6/2021 16:00:00,40318.717768
1/6/2021 17:00:00,41149.190875
1/6/2021 18:00:00,42240.134422
1/6/2021 19:00:00,43295.603317
1/6/2021 20:00:00,42956.85129
1/6/2021 21:00:00,42344.957074
1/6/2021 22:00:00,41175.381405
1/6/2021 23:00:00,39372.487775
1/7/2021 0:00:00,37659.617543
1/7/2021 1:00:00,36613.287801
1/7/2021 2:00:00,36066.317851
1/7/2021 3:00:00,35945.708644
1/7/2021 4:00:00,36288.733806
1/7/2021 5:00:00,37466.027338
1/7/2021 6:00:00,39944.667655
1/7/2021 7:00:00,43601.435982
1/7/2021 8:00:00,45750.897569
1/7/2021 9:00:00,45855.422364
1/7/2021 10:00:00,45208.909604
1/7/2021 11:00:00,44440.110984
1/7/2021 12:00:00,43519.170284
1/7/2021 13:00:00,42640.254253
1/7/2021 14:00:00,41869.854481
1/7/2021 15:00:00,41267.550623
1/7/2021 16:00:00,40999.483333
1/7/2021 17:00:00,41346.045779
1/7/2021 18:00:00,42806.461314
1/7/2021 19:00:00,44727.246584
1/7/2021 20:00:00,44865.674678
1/7/2021 21:00:00,44576.409198
1/7/2021 22:00:00,43523.688956
1/7/2021 23:00:00,41756.29519
1/8/2021 0:00:00,40085.265038
1/8/2021 1:00:00,39066.876347
1/8/2021 2:00:00,38622.806861
1/8/2021 3:00:00,38633.845018
1/8/2021 4:00:00,39052.74382
1/8/2021 5:00:00,40251.119482
1/8/2021 6:00:00,42726.910375
1/8/2021 7:00:00,46227.376574
1/8/2021 8:00:00,48364.811199
1/8/2021 9:00:00,48474.517399
1/8/2021 10:00:00,47720.393926
1/8/2021 11:00:00,47075.061765
1/8/2021 12:00:00,46190.222805
1/8/2021 13:00:00,44801.72099
1/8/2021 14:00:00,43295.491522
1/8/2021 15:00:00,41985.949951
1/8/2021 16:00:00,41214.162966
1/8/2021 17:00:00,41394.73916
1/8/2021 18:00:00,43214.340196
1/8/2021 19:00:00,45737.884827
1/8/2021 20:00:00,46169.450657
1/8/2021 21:00:00,46217.189671
1/8/2021 22:00:00,45802.177308
1/8/2021 23:00:00,44850.458016
1/9/2021 0:00:00,43858.203459
1/9/2021 1:00:00,43237.887812
1/9/2021 2:00:00,43080.479697
1/9/2021 3:00:00,43349.992495
1/9/2021 4:00:00,43904.880656
1/9/2021 5:00:00,44793.084508
1/9/2021 6:00:00,46231.394521
1/9/2021 7:00:00,48198.295583
1/9/2021 8:00:00,50037.648579
1/9/2021 9:00:00,50227.330199
1/9/2021 10:00:00,48817.031155
1/9/2021 11:00:00,47012.030041
1/9/2021 12:00:00,45095.600337
1/9/2021 13:00:00,43293.838355
1/9/2021 14:00:00,41662.345545
1/9/2021 15:00:00,40555.677222
1/9/2021 16:00:00,40130.484902
1/9/2021 17:00:00,40577.24261
1/9/2021 18:00:00,42660.823522
1/9/2021 19:00:00,44974.303613
1/9/2021 20:00:00,45251.352001
1/9/2021 21:00:00,45073.571098
1/9/2021 22:00:00,44399.451154
1/9/2021 23:00:00,43079.045078
1/10/2021 0:00:00,41755.751354
1/10/2021 1:00:00,40635.839036
1/10/2021 2:00:00,39932.392117
1/10/2021 3:00:00,39548.762709
1/10/2021 4:00:00,39529.469593
1/10/2021 5:00:00,39895.561616
1/10/2021 6:00:00,40726.280633
1/10/2021 7:00:00,42026.362776
1/10/2021 8:00:00,43777.638402
1/10/2021 9:00:00,45594.336983
1/10/2021 10:00:00,47850.267709
1/10/2021 11:00:00,49710.84694
1/10/2021 12:00:00,51057.668249
1/10/2021 13:00:00,52055.616979
1/10/2021 14:00:00,52323.970985
1/10/2021 15:00:00,52343.85534
1/10/2021 16:00:00,52549.166006
1/10/2021 17:00:00,52920.490815
1/10/2021 18:00:00,54303.478358
1/10/2021 19:00:00,55471.743791
1/10/2021 20:00:00,55083.876853
1/10/2021 21:00:00,53949.815518
1/10/2021 22:00:00,52342.889247
1/10/2021 23:00:00,50040.022402
1/11/2021 0:00:00,48057.145536
1/11/2021 1:00:00,46683.04669
1/11/2021 2:00:00,46023.017007
1/11/2021 3:00:00,45773.228586
1/11/2021 4:00:00,46067.732112
1/11/2021 5:00:00,47212.220916
1/11/2021 6:00:00,49562.696972
1/11/2021 7:00:00,52989.734455
1/11/2021 8:00:00,55313.040296
1/11/2021 9:00:00,55798.184386
1/11/2021 10:00:00,55076.458312
1/11/2021 11:00:00,53958.078838
1/11/2021 12:00:00,52530.385112
1/11/2021 13:00:00,50972.103479
1/11/2021 14:00:00,49376.995192
1/11/2021 15:00:00,47864.301053
1/11/2021 16:00:00,46965.810362
1/11/2021 17:00:00,47374.844433
1/11/2021 18:00:00,49490.600021
1/11/2021 19:00:00,52208.894487
1/11/2021 20:00:00,52695.064005
1/11/2021 21:00:00,52562.960486
1/11/2021 22:00:00,51725.8444
1/11/2021 23:00:00,49879.332593
1/12/2021 0:00:00,48296.589911
1/12/2021 1:00:00,47544.819766
1/12/2021 2:00:00,47504.05276
1/12/2021 3:00:00,47835.282535
1/12/2021 4:00:00,48505.679039
1/12/2021 5:00:00,50016.595041
1/12/2021 6:00:00,52764.947389
1/12/2021 7:00:00,56546.608226
1/12/2021 8:00:00,58597.849576
1/12/2021 9:00:00,57382.324025
1/12/2021 10:00:00,54460.469143
1/12/2021 11:00:00,51606.633255
1/12/2021 12:00:00,49087.906009
1/12/2021 13:00:00,47154.762599
1/12/2021 14:00:00,45491.688959
1/12/2021 15:00:00,44281.328646
1/12/2021 16:00:00,43886.717562
1/12/2021 17:00:00,44508.941639
1/12/2021 18:00:00,46667.030987
1/12/2021 19:00:00,49073.817237
1/12/2021 20:00:00,49458.323409
1/12/2021 21:00:00,49267.502732
1/12/2021 22:00:00,48337.707807
1/12/2021 23:00:00,46442.680504
1/13/2021 0:00:00,44937.644755
1/13/2021 1:00:00,44195.693036
1/13/2021 2:00:00,44223.528404
1/13/2021 3:00:00,44652.133752
1/13/2021 4:00:00,45572.617862
1/13/2021 5:00:00,47290.93653
1/13/2021 6:00:00,50321.514098
1/13/2021 7:00:00,54283.421086
1/13/2021 8:00:00,56375.785313
1/13/2021 9:00:00,55037.547629
1/13/2021 10:00:00,51873.759744
1/13/2021 11:00:00,48584.36417
1/13/2021 12:00:00,45831.351372
1/13/2021 13:00:00,43411.481346
1/13/2021 14:00:00,41384.068166
1/13/2021 15:00:00,40052.043944
1/13/2021 16:00:00,39352.762016
1/13/2021 17:00:00,39477.188092
1/13/2021 18:00:00,40833.814112
1/13/2021 19:00:00,43764.968474
1/13/2021 20:00:00,44447.232882
1/13/2021 21:00:00,44628.274301
1/13/2021 22:00:00,43830.129577
1/13/2021 23:00:00,42235.001523
1/14/2021 0:00:00,40789.032047
1/14/2021 1:00:00,39976.477101
1/14/2021 2:00:00,39756.12249
1/14/2021 3:00:00,39925.226671
1/14/2021 4:00:00,40508.775753
1/14/2021 5:00:00,41799.866097
1/14/2021 6:00:00,44439.295737
1/14/2021 7:00:00,48213.289088
1/14/2021 8:00:00,50235.454495
1/14/2021 9:00:00,49225.952299
1/14/2021 10:00:00,46980.248692
1/14/2021 11:00:00,44681.033136
1/14/2021 12:00:00,42790.878956
1/14/2021 13:00:00,41334.359271
1/14/2021 14:00:00,40224.638801
1/14/2021 15:00:00,39381.712633
1/14/2021 16:00:00,38871.474006
1/14/2021 17:00:00,38985.436614
1/14/2021 18:00:00,40060.72531
1/14/2021 19:00:00,42383.849358
1/14/2021 20:00:00,42826.089796
1/14/2021 21:00:00,42643.772332
1/14/2021 22:00:00,41931.440349
1/14/2021 23:00:00,40524.52964
1/15/2021 0:00:00,39303.432508
1/15/2021 1:00:00,38635.055499
1/15/2021 2:00:00,38579.578255
1/15/2021 3:00:00,38854.632238
1/15/2021 4:00:00,39676.609445
1/15/2021 5:00:00,41233.982475
1/15/2021 6:00:00,44102.883192
1/15/2021 7:00:00,48012.68293
1/15/2021 8:00:00,50378.086377
1/15/2021 9:00:00,49984.701477
1/15/2021 10:00:00,48527.875301
1/15/2021 11:00:00,47179.124336
1/15/2021 12:00:00,45846.143912
1/15/2021 13:00:00,44503.390206
1/15/2021 14:00:00,43271.608681
1/15/2021 15:00:00,42248.198476
1/15/2021 16:00:00,41710.975961
1/15/2021 17:00:00,41837.700489
1/15/2021 18:00:00,43163.586256
1/15/2021 19:00:00,45413.416308
1/15/2021 20:00:00,45821.571127
1/15/2021 21:00:00,45939.718925
1/15/2021 22:00:00,45529.043816
1/15/2021 23:00:00,44567.237062
1/16/2021 0:00:00,43439.817093
1/16/2021 1:00:00,42553.982358
1/16/2021 2:00:00,42081.457466
1/16/2021 3:00:00,42016.923102
1/16/2021 4:00:00,42437.004304
1/16/2021 5:00:00,43388.022674
1/16/2021 6:00:00,44916.631538
1/16/2021 7:00:00,47091.547987
1/16/2021 8:00:00,48864.09548
1/16/2021 9:00:00,49163.073465
1/16/2021 10:00:00,47560.782698
1/16/2021 11:00:00,45277.139835
1/16/2021 12:00:00,42897.940894
1/16/2021 13:00:00,40903.42384
1/16/2021 14:00:00,39068.434673
1/16/2021 15:00:00,37663.225205
1/16/2021 16:00:00,37012.554006
1/16/2021 17:00:00,37147.989843
1/16/2021 18:00:00,38656.743644
1/16/2021 19:00:00,40861.226622
1/16/2021 20:00:00,41490.230687
1/16/2021 21:00:00,41630.875616
1/16/2021 22:00:00,41401.519326
1/16/2021 23:00:00,40803.654525
1/17/2021 0:00:00,40076.269885
1/17/2021 1:00:00,39314.262212
1/17/2021 2:00:00,39051.43603
1/17/2021 3:00:00,38942.761405
1/17/2021 4:00:00,39228.410228
1/17/2021 5:00:00,39835.980087
1/17/2021 6:00:00,40749.872995
1/17/2021 7:00:00,42206.517185
1/17/2021 8:00:00,43730.455512
1/17/2021 9:00:00,44210.360623
1/17/2021 10:00:00,43088.927327
1/17/2021 11:00:00,41385.7766
1/17/2021 12:00:00,39674.533991
1/17/2021 13:00:00,38315.247378
1/17/2021 14:00:00,37086.989265
1/17/2021 15:00:00,36219.01815
1/17/2021 16:00:00,35802.864182
1/17/2021 17:00:00,35948.918871
1/17/2021 18:00:00,37313.997365
1/17/2021 19:00:00,39714.325736
1/17/2021 20:00:00,40305.550076
1/17/2021 21:00:00,40354.33353
1/17/2021 22:00:00,40176.480143
1/17/2021 23:00:00,39227.064321
1/18/2021 0:00:00,38409.02581
1/18/2021 1:00:00,37997.701908
1/18/2021 2:00:00,38046.893997
1/18/2021 3:00:00,38365.32352
1/18/2021 4:00:00,39026.172884
1/18/2021 5:00:00,40358.14273
1/18/2021 6:00:00,42567.157495
1/18/2021 7:00:00,45040.005575
1/18/2021 8:00:00,46606.122528
1/18/2021 9:00:00,46618.178718
1/18/2021 10:00:00,45485.946891
1/18/2021 11:00:00,44183.514782
1/18/2021 12:00:00,42805.235743
1/18/2021 13:00:00,41382.097645
1/18/2021 14:00:00,39976.254318
1/18/2021 15:00:00,38963.029234
1/18/2021 16:00:00,38527.596092
1/18/2021 17:00:00,38601.587798
1/18/2021 18:00:00,39440.688923
1/18/2021 19:00:00,41177.626113
1/18/2021 20:00:00,41126.20531
1/18/2021 21:00:00,40246.8777
1/18/2021 22:00:00,38774.413334
1/18/2021 23:00:00,36684.921398
1/19/2021 0:00:00,34622.554733
1/19/2021 1:00:00,33031.013549
1/19/2021 2:00:00,32133.096098
1/19/2021 3:00:00,31702.452687
1/19/2021 4:00:00,31675.186568
1/19/2021 5:00:00,32510.193973
1/19/2021 6:00:00,34510.162927
1/19/2021 7:00:00,37626.700755
1/19/2021 8:00:00,39571.066348
1/19/2021 9:00:00,40095.200504
1/19/2021 10:00:00,40744.646623
1/19/2021 11:00:00,41421.128701
1/19/2021 12:00:00,41765.332596
1/19/2021 13:00:00,41834.032257
1/19/2021 14:00:00,41866.60083
1/19/2021 15:00:00,41731.613925
1/19/2021 16:00:00,41753.147098
1/19/2021 17:00:00,41950.081139
1/19/2021 18:00:00,42866.091436
1/19/2021 19:00:00,43892.648175
1/19/2021 20:00:00,43237.632109
1/19/2021 21:00:00,42152.168053
1/19/2021 22:00:00,40696.501847
1/19/2021 23:00:00,38540.359922
1/20/2021 0:00:00,36556.459627
1/20/2021 1:00:00,35152.767236
1/20/2021 2:00:00,34489.607048
1/20/2021 3:00:00,34179.62031
1/20/2021 4:00:00,34376.392547
1/20/2021 5:00:00,35240.960662
1/20/2021 6:00:00,37377.466918
1/20/2021 7:00:00,40609.999729
1/20/2021 8:00:00,42577.258621
1/20/2021 9:00:00,43279.139934
1/20/2021 10:00:00,43685.373114
1/20/2021 11:00:00,43826.817524
1/20/2021 12:00:00,43820.433036
1/20/2021 13:00:00,43650.801386
1/20/2021 14:00:00,43075.477565
1/20/2021 15:00:00,42734.053023
1/20/2021 16:00:00,42741.475935
1/20/2021 17:00:00,43260.711152
1/20/2021 18:00:00,44355.333852
1/20/2021 19:00:00,45368.777023
1/20/2021 20:00:00,44852.17609
1/20/2021 21:00:00,43890.238183
1/20/2021 22:00:00,42253.204652
1/20/2021 23:00:00,39985.00376
1/21/2021 0:00:00,37725.864936
1/21/2021 1:00:00,36207.796725
1/21/2021 2:00:00,35269.403301
1/21/2021 3:00:00,34847.72492
1/21/2021 4:00:00,34780.160757
1/21/2021 5:00:00,35393.553572
1/21/2021 6:00:00,37228.669116
1/21/2021 7:00:00,40178.486413
1/21/2021 8:00:00,41817.160661
1/21/2021 9:00:00,42025.07296
1/21/2021 10:00:00,41984.636463
1/21/2021 11:00:00,41752.184278
1/21/2021 12:00:00,41654.966008
1/21/2021 13:00:00,41187.589932
1/21/2021 14:00:00,40908.331878
1/21/2021 15:00:00,40429.263549
1/21/2021 16:00:00,40197.242533
1/21/2021 17:00:00,40445.690656
1/21/2021 18:00:00,41234.96423
1/21/2021 19:00:00,42249.380982
1/21/2021 20:00:00,41694.552538
1/21/2021 21:00:00,40785.464985
1/21/2021 22:00:00,39436.581932
1/21/2021 23:00:00,37482.987977
1/22/2021 0:00:00,35518.076398
1/22/2021 1:00:00,34119.190249
1/22/2021 2:00:00,33204.546332
1/22/2021 3:00:00,32807.523795
1/22/2021 4:00:00,32843.401286
1/22/2021 5:00:00,33527.797595
1/22/2021 6:00:00,35312.051411
1/22/2021 7:00:00,38245.70604
1/22/2021 8:00:00,40058.908404
1/22/2021 9:00:00,40506.419922
1/22/2021 10:00:00,40864.640233
1/22/2021 11:00:00,40883.892781
1/22/2021 12:00:00,40897.886556
1/22/2021 13:00:00,40786.919264
1/22/2021 14:00:00,40715.537415
1/22/2021 15:00:00,40579.296579
1/22/2021 16:00:00,40638.503994
1/22/2021 17:00:00,40805.8946
1/22/2021 18:00:00,41170.615889
1/22/2021 19:00:00,41896.844235
1/22/2021 20:00:00,41268.662502
1/22/2021 21:00:00,40276.602625
1/22/2021 22:00:00,39206.150911
1/22/2021 23:00:00,37684.783157
1/23/2021 0:00:00,36051.868601
1/23/2021 1:00:00,34646.722941
1/23/2021 2:00:00,33672.583969
1/23/2021 3:00:00,33115.900414
1/23/2021 4:00:00,32938.500615
1/23/2021 5:00:00,33154.890524
1/23/2021 6:00:00,33945.447449
1/23/2021 7:00:00,35140.919365
1/23/2021 8:00:00,36535.501101
1/23/2021 9:00:00,38080.830988
1/23/2021 10:00:00,39379.207227
1/23/2021 11:00:00,40097.108745
1/23/2021 12:00:00,40189.132341
1/23/2021 13:00:00,39956.204296
1/23/2021 14:00:00,39412.387564
1/23/2021 15:00:00,38906.332217
1/23/2021 16:00:00,38690.719982
1/23/2021 17:00:00,38812.697558
1/23/2021 18:00:00,39604.924782
1/23/2021 19:00:00,40458.090123
1/23/2021 20:00:00,40038.25986
1/23/2021 21:00:00,39350.482504
1/23/2021 22:00:00,38381.730786
1/23/2021 23:00:00,37021.029866
1/24/2021 0:00:00,35500.412068
1/24/2021 1:00:00,34158.661517
1/24/2021 2:00:00,33078.927402
1/24/2021 3:00:00,32333.710038
1/24/2021 4:00:00,31977.960632
1/24/2021 5:00:00,31980.954103
1/24/2021 6:00:00,32304.534522
1/24/2021 7:00:00,33056.102627
1/24/2021 8:00:00,34117.61279
1/24/2021 9:00:00,35402.851732
1/24/2021 10:00:00,36846.322304
1/24/2021 11:00:00,37779.946231
1/24/2021 12:00:00,38552.542526
1/24/2021 13:00:00,39070.371133
1/24/2021 14:00:00,39192.726292
1/24/2021 15:00:00,39181.441744
1/24/2021 16:00:00,39158.908628
1/24/2021 17:00:00,39231.852173
1/24/2021 18:00:00,39939.479172
1/24/2021 19:00:00,41131.951649
1/24/2021 20:00:00,41045.38461
1/24/2021 21:00:00,40221.645353
1/24/2021 22:00:00,39037.985202
1/24/2021 23:00:00,37077.503182
1/25/2021 0:00:00,35030.148869
1/25/2021 1:00:00,33405.803455
1/25/2021 2:00:00,32351.325037
1/25/2021 3:00:00,31771.953669
1/25/2021 4:00:00,31701.152249
1/25/2021 5:00:00,32314.619933
1/25/2021 6:00:00,34049.686519
1/25/2021 7:00:00,37001.754376
1/25/2021 8:00:00,38982.717407
1/25/2021 9:00:00,39621.336074
1/25/2021 10:00:00,40118.909431
1/25/2021 11:00:00,40663.54933
1/25/2021 12:00:00,41023.256393
1/25/2021 13:00:00,41098.936994
1/25/2021 14:00:00,40979.186474
1/25/2021 15:00:00,40665.169361
1/25/2021 16:00:00,40343.435621
1/25/2021 17:00:00,40292.987829
1/25/2021 18:00:00,40480.270247
1/25/2021 19:00:00,41728.075719
1/25/2021 20:00:00,41410.358568
1/25/2021 21:00:00,40538.756596
1/25/2021 22:00:00,39178.514551
1/25/2021 23:00:00,37158.315967
1/26/2021 0:00:00,35154.599329
1/26/2021 1:00:00,33916.53157
1/26/2021 2:00:00,33269.263393
1/26/2021 3:00:00,33199.823635
1/26/2021 4:00:00,33479.078767
1/26/2021 5:00:00,34565.476656
1/26/2021 6:00:00,36894.098867
1/26/2021 7:00:00,40744.488213
1/26/2021 8:00:00,43077.648191
1/26/2021 9:00:00,43134.851677
1/26/2021 10:00:00,42441.573902
1/26/2021 11:00:00,41622.378585
1/26/2021 12:00:00,40995.699277
1/26/2021 13:00:00,40489.329752
1/26/2021 14:00:00,40067.881386
1/26/2021 15:00:00,39760.095585
1/26/2021 16:00:00,39632.236456
1/26/2021 17:00:00,39765.728944
1/26/2021 18:00:00,40316.906881
1/26/2021 19:00:00,42135.905915
1/26/2021 20:00:00,42182.436586
1/26/2021 21:00:00,41556.069112
1/26/2021 22:00:00,40349.433225
1/26/2021 23:00:00,38442.323591
1/27/2021 0:00:00,36539.576642
1/27/2021 1:00:00,35194.318459
1/27/2021 2:00:00,34479.001764
1/27/2021 3:00:00,34177.648926
1/27/2021 4:00:00,34330.8215
1/27/2021 5:00:00,35272.244885
1/27/2021 6:00:00,37728.731463
1/27/2021 7:00:00,41534.301096
1/27/2021 8:00:00,43965.281247
1/27/2021 9:00:00,44082.252987
1/27/2021 10:00:00,43530.271961
1/27/2021 11:00:00,42804.16246
1/27/2021 12:00:00,42034.223295
1/27/2021 13:00:00,41194.621966
1/27/2021 14:00:00,40485.159694
1/27/2021 15:00:00,39871.546601
1/27/2021 16:00:00,39581.227503
1/27/2021 17:00:00,39848.983032
1/27/2021 18:00:00,41030.188061
1/27/2021 19:00:00,43645.921424
1/27/2021 20:00:00,44160.764144
1/27/2021 21:00:00,44057.245618
1/27/2021 22:00:00,43261.879526
1/27/2021 23:00:00,41705.770636
1/28/2021 0:00:00,40237.125343
1/28/2021 1:00:00,39499.698476
1/28/2021 2:00:00,39434.87751
1/28/2021 3:00:00,39756.463919
1/28/2021 4:00:00,40438.583344
1/28/2021 5:00:00,42028.270936
1/28/2021 6:00:00,45001.771282
1/28/2021 7:00:00,49300.407591
1/28/2021 8:00:00,51663.473013
1/28/2021 9:00:00,51315.36212
1/28/2021 10:00:00,49558.488455
1/28/2021 11:00:00,47430.932577
1/28/2021 12:00:00,45507.425135
1/28/2021 13:00:00,43561.097739
1/28/2021 14:00:00,42158.526679
1/28/2021 15:00:00,41240.998611
1/28/2021 16:00:00,40745.617493
1/28/2021 17:00:00,40827.683276
1/28/2021 18:00:00,41884.065555
1/28/2021 19:00:00,44626.78894
1/28/2021 20:00:00,45320.425484
1/28/2021 21:00:00,45109.714201
1/28/2021 22:00:00,44309.967869
1/28/2021 23:00:00,42496.927186
1/29/2021 0:00:00,40778.826458
1/29/2021 1:00:00,39759.87019
1/29/2021 2:00:00,39322.2518
1/29/2021 3:00:00,39318.737463
1/29/2021 4:00:00,39770.845692
1/29/2021 5:00:00,41051.1094
1/29/2021 6:00:00,43481.04193
1/29/2021 7:00:00,47104.559919
1/29/2021 8:00:00,48871.538067
1/29/2021 9:00:00,48172.415121
1/29/2021 10:00:00,46492.631881
1/29/2021 11:00:00,44641.732888
1/29/2021 12:00:00,42813.108708
1/29/2021 13:00:00,41164.833207
1/29/2021 14:00:00,40195.57236
1/29/2021 15:00:00,39388.06798
1/29/2021 16:00:00,38828.27647
1/29/2021 17:00:00,38671.004414
1/29/2021 18:00:00,39295.265091
1/29/2021 19:00:00,40711.386443
1/29/2021 20:00:00,40563.101355
1/29/2021 21:00:00,39978.121713
1/29/2021 22:00:00,39124.190961
1/29/2021 23:00:00,37742.104337
1/30/2021 0:00:00,36247.617023
1/30/2021 1:00:00,34855.71253
1/30/2021 2:00:00,33865.090964
1/30/2021 3:00:00,33295.641505
1/30/2021 4:00:00,33006.763222
1/30/2021 5:00:00,33124.60357
1/30/2021 6:00:00,33627.542711
1/30/2021 7:00:00,34782.635203
1/30/2021 8:00:00,36098.525163
1/30/2021 9:00:00,37412.020669
1/30/2021 10:00:00,38535.865056
1/30/2021 11:00:00,39013.971487
1/30/2021 12:00:00,38898.449111
1/30/2021 13:00:00,38506.058136
1/30/2021 14:00:00,37927.010466
1/30/2021 15:00:00,37589.305207
1/30/2021 16:00:00,37536.891769
1/30/2021 17:00:00,37712.4872
1/30/2021 18:00:00,37910.898563
1/30/2021 19:00:00,38875.053282
1/30/2021 20:00:00,38764.392365
1/30/2021 21:00:00,37954.754665
1/30/2021 22:00:00,37060.735752
1/30/2021 23:00:00,35904.472262
1/31/2021 0:00:00,34650.695959
1/31/2021 1:00:00,33498.719543
1/31/2021 2:00:00,32997.379935
1/31/2021 3:00:00,32781.040332
1/31/2021 4:00:00,32892.748807
1/31/2021 5:00:00,33237.993215
1/31/2021 6:00:00,34093.010395
1/31/2021 7:00:00,35567.144343
1/31/2021 8:00:00,36944.473516
1/31/2021 9:00:00,38262.589608
1/31/2021 10:00:00,39221.72166
1/31/2021 11:00:00,39330.860473
1/31/2021 12:00:00,38914.004312
1/31/2021 13:00:00,38317.46926
1/31/2021 14:00:00,37565.972734
1/31/2021 15:00:00,36990.288066
1/31/2021 16:00:00,36687.564538
1/31/2021 17:00:00,36891.517389
1/31/2021 18:00:00,37772.757094
1/31/2021 19:00:00,40048.227519
1/31/2021 20:00:00,40792.952108
1/31/2021 21:00:00,40589.609217
1/31/2021 22:00:00,39880.799792
1/31/2021 23:00:00,38396.34206
2/1/2021 0:00:00,36924.910421
2/1/2021 1:00:00,36054.972726
2/1/2021 2:00:00,35849.824448
2/1/2021 3:00:00,36087.231405
2/1/2021 4:00:00,36801.227362
2/1/2021 5:00:00,38346.436586
2/1/2021 6:00:00,41216.532646
2/1/2021 7:00:00,45428.159971
2/1/2021 8:00:00,47907.114499
2/1/2021 9:00:00,47250.716431
2/1/2021 10:00:00,45650.913055
2/1/2021 11:00:00,44101.11888
2/1/2021 12:00:00,42637.661167
2/1/2021 13:00:00,41153.48949
2/1/2021 14:00:00,40105.257252
2/1/2021 15:00:00,39292.256536
2/1/2021 16:00:00,38720.459848
2/1/2021 17:00:00,38683.641673
2/1/2021 18:00:00,39396.193818
2/1/2021 19:00:00,41707.115355
2/1/2021 20:00:00,42509.839181
2/1/2021 21:00:00,42451.041758
2/1/2021 22:00:00,41860.991984
2/1/2021 23:00:00,40341.292149
2/2/2021 0:00:00,38807.021769
2/2/2021 1:00:00,37764.353668
2/2/2021 2:00:00,37311.890936
2/2/2021 3:00:00,37368.192696
2/2/2021 4:00:00,37759.219153
2/2/2021 5:00:00,39084.493247
2/2/2021 6:00:00,41709.669441
2/2/2021 7:00:00,45550.00162
2/2/2021 8:00:00,47524.18108
2/2/2021 9:00:00,46870.082677
2/2/2021 10:00:00,44874.747474
2/2/2021 11:00:00,43099.261245
2/2/2021 12:00:00,41560.28294
2/2/2021 13:00:00,40168.67056
2/2/2021 14:00:00,39200.818885
2/2/2021 15:00:00,38375.778477
2/2/2021 16:00:00,37947.652721
2/2/2021 17:00:00,38022.812014
2/2/2021 18:00:00,38649.10516
2/2/2021 19:00:00,40620.249954
2/2/2021 20:00:00,41050.389878
2/2/2021 21:00:00,40810.020458
2/2/2021 22:00:00,39923.359663
2/2/2021 23:00:00,38220.112025
2/3/2021 0:00:00,36601.606071
2/3/2021 1:00:00,35657.590588
2/3/2021 2:00:00,35274.994611
2/3/2021 3:00:00,35255.037294
2/3/2021 4:00:00,35708.722754
2/3/2021 5:00:00,36910.031393
2/3/2021 6:00:00,39235.988565
2/3/2021 7:00:00,43089.473224
2/3/2021 8:00:00,44705.320949
2/3/2021 9:00:00,43932.341455
2/3/2021 10:00:00,42257.255227
2/3/2021 11:00:00,40761.192204
2/3/2021 12:00:00,39725.764617
2/3/2021 13:00:00,38891.599054
2/3/2021 14:00:00,38513.227485
2/3/2021 15:00:00,38371.170712
2/3/2021 16:00:00,38436.664086
2/3/2021 17:00:00,38739.790588
2/3/2021 18:00:00,39096.186584
2/3/2021 19:00:00,40608.756666
2/3/2021 20:00:00,40850.771542
2/3/2021 21:00:00,40121.826655
2/3/2021 22:00:00,38696.657355
2/3/2021 23:00:00,36541.966568
2/4/2021 0:00:00,34327.142985
2/4/2021 1:00:00,32775.927733
2/4/2021 2:00:00,31876.08039
2/4/2021 3:00:00,31306.445509
2/4/2021 4:00:00,31184.535845
2/4/2021 5:00:00,31822.103585
2/4/2021 6:00:00,33581.880074
2/4/2021 7:00:00,36420.316545
2/4/2021 8:00:00,37939.408034
2/4/2021 9:00:00,38389.832511
2/4/2021 10:00:00,39042.334574
2/4/2021 11:00:00,39487.256514
2/4/2021 12:00:00,39826.256267
2/4/2021 13:00:00,40095.0133
2/4/2021 14:00:00,40187.401141
2/4/2021 15:00:00,40000.780321
2/4/2021 16:00:00,40042.876027
2/4/2021 17:00:00,40080.947583
2/4/2021 18:00:00,40075.098033
2/4/2021 19:00:00,41289.973799
2/4/2021 20:00:00,41451.581693
2/4/2021 21:00:00,40745.18193
2/4/2021 22:00:00,39411.985162
2/4/2021 23:00:00,37466.087838
2/5/2021 0:00:00,35542.231339
2/5/2021 1:00:00,34312.589345
2/5/2021 2:00:00,33684.86262
2/5/2021 3:00:00,33597.252602
2/5/2021 4:00:00,33920.929902
2/5/2021 5:00:00,34921.050496
2/5/2021 6:00:00,37136.776808
2/5/2021 7:00:00,40624.489617
2/5/2021 8:00:00,42777.12124
2/5/2021 9:00:00,43409.394446
2/5/2021 10:00:00,43699.571746
2/5/2021 11:00:00,43409.159772
2/5/2021 12:00:00,42756.286873
2/5/2021 13:00:00,41986.521016
2/5/2021 14:00:00,40992.697994
2/5/2021 15:00:00,40028.744601
2/5/2021 16:00:00,39566.185734
2/5/2021 17:00:00,39490.042526
2/5/2021 18:00:00,40170.190942
2/5/2021 19:00:00,41875.920272
2/5/2021 20:00:00,42243.079217
2/5/2021 21:00:00,41941.156676
2/5/2021 22:00:00,41406.513131
2/5/2021 23:00:00,40098.240182
2/6/2021 0:00:00,38634.675912
2/6/2021 1:00:00,37277.932071
2/6/2021 2:00:00,36528.561386
2/6/2021 3:00:00,36134.467926
2/6/2021 4:00:00,36012.916604
2/6/2021 5:00:00,36305.064702
2/6/2021 6:00:00,37069.614565
2/6/2021 7:00:00,38440.624007
2/6/2021 8:00:00,39859.835113
2/6/2021 9:00:00,41241.779519
2/6/2021 10:00:00,42280.575944
2/6/2021 11:00:00,42256.373441
2/6/2021 12:00:00,41148.798676
2/6/2021 13:00:00,39927.261459
2/6/2021 14:00:00,38679.455353
2/6/2021 15:00:00,37682.237494
2/6/2021 16:00:00,37091.484049
2/6/2021 17:00:00,37034.81715
2/6/2021 18:00:00,37526.948886
2/6/2021 19:00:00,38842.78652
2/6/2021 20:00:00,39665.296092
2/6/2021 21:00:00,39523.337447
2/6/2021 22:00:00,38953.93838
2/6/2021 23:00:00,38171.752927
2/7/2021 0:00:00,37311.970608
2/7/2021 1:00:00,36668.692435
2/7/2021 2:00:00,36367.212171
2/7/2021 3:00:00,36444.602551
2/7/2021 4:00:00,36958.874239
2/7/2021 5:00:00,37734.860189
2/7/2021 6:00:00,38860.367785
2/7/2021 7:00:00,40363.376159
2/7/2021 8:00:00,41847.020245
2/7/2021 9:00:00,42863.124692
2/7/2021 10:00:00,43128.044216
2/7/2021 11:00:00,42507.353178
2/7/2021 12:00:00,41204.654498
2/7/2021 13:00:00,39607.448065
2/7/2021 14:00:00,38446.858869
2/7/2021 15:00:00,37598.073751
2/7/2021 16:00:00,37249.511964
2/7/2021 17:00:00,37319.631226
2/7/2021 18:00:00,37792.122188
2/7/2021 19:00:00,38939.71792
2/7/2021 20:00:00,39576.174903
2/7/2021 21:00:00,39601.364956
2/7/2021 22:00:00,39474.797051
2/7/2021 23:00:00,38280.381132
2/8/2021 0:00:00,36420.911669
2/8/2021 1:00:00,35105.800733
2/8/2021 2:00:00,34438.251054
2/8/2021 3:00:00,34258.445426
2/8/2021 4:00:00,34371.369856
2/8/2021 5:00:00,35149.798599
2/8/2021 6:00:00,37076.935056
2/8/2021 7:00:00,40103.776573
2/8/2021 8:00:00,41702.65906
2/8/2021 9:00:00,41874.096887
2/8/2021 10:00:00,41891.96108
2/8/2021 11:00:00,41741.368355
2/8/2021 12:00:00,41385.134629
2/8/2021 13:00:00,40853.971238
2/8/2021 14:00:00,40462.512877
2/8/2021 15:00:00,39753.549608
2/8/2021 16:00:00,39262.75866
2/8/2021 17:00:00,39365.065384
2/8/2021 18:00:00,39892.227615
2/8/2021 19:00:00,41430.125968
2/8/2021 20:00:00,41740.343249
2/8/2021 21:00:00,41154.63366
2/8/2021 22:00:00,40039.760221
2/8/2021 23:00:00,38145.080992
2/9/2021 0:00:00,36278.210952
2/9/2021 1:00:00,35104.821883
2/9/2021 2:00:00,34646.325534
2/9/2021 3:00:00,34628.645159
2/9/2021 4:00:00,35051.413988
2/9/2021 5:00:00,36318.536509
2/9/2021 6:00:00,38832.757062
2/9/2021 7:00:00,42265.251541
2/9/2021 8:00:00,44811.007398
2/9/2021 9:00:00,45841.553671
2/9/2021 10:00:00,46547.539634
2/9/2021 11:00:00,47180.842788
2/9/2021 12:00:00,47321.130254
2/9/2021 13:00:00,46999.316483
2/9/2021 14:00:00,46597.624252
2/9/2021 15:00:00,46074.366551
2/9/2021 16:00:00,45767.74228
2/9/2021 17:00:00,46121.607978
2/9/2021 18:00:00,46934.443993
2/9/2021 19:00:00,48446.656451
2/9/2021 20:00:00,48567.303818
2/9/2021 21:00:00,47687.025202
2/9/2021 22:00:00,46187.180892
2/9/2021 23:00:00,43938.457975
2/10/2021 0:00:00,41754.601436
2/10/2021 1:00:00,40520.626171
2/10/2021 2:00:00,39990.922868
2/10/2021 3:00:00,39947.716182
2/10/2021 4:00:00,40278.917793
2/10/2021 5:00:00,41265.161339
2/10/2021 6:00:00,43524.863081
2/10/2021 7:00:00,46923.868073
2/10/2021 8:00:00,49135.612187
2/10/2021 9:00:00,49746.648565
2/10/2021 10:00:00,50387.238746
2/10/2021 11:00:00,51006.921676
2/10/2021 12:00:00,51233.970973
2/10/2021 13:00:00,51128.455249
2/10/2021 14:00:00,51082.007297
2/10/2021 15:00:00,50906.943592
2/10/2021 16:00:00,50961.815941
2/10/2021 17:00:00,51614.663459
2/10/2021 18:00:00,52709.78084
2/10/2021 19:00:00,53952.020989
2/10/2021 20:00:00,53979.784198
2/10/2021 21:00:00,53332.553959
2/10/2021 22:00:00,51937.39193
2/10/2021 23:00:00,49696.5785
2/11/2021 0:00:00,47723.784739
2/11/2021 1:00:00,46604.818435
2/11/2021 2:00:00,46226.917677
2/11/2021 3:00:00,46269.290144
2/11/2021 4:00:00,46777.459486
2/11/2021 5:00:00,48141.034374
2/11/2021 6:00:00,50731.712604
2/11/2021 7:00:00,54184.912097
2/11/2021 8:00:00,56832.58567
2/11/2021 9:00:00,58104.259661
2/11/2021 10:00:00,59097.61095
2/11/2021 11:00:00,59769.175369
2/11/2021 12:00:00,60106.741059
2/11/2021 13:00:00,59834.232521
2/11/2021 14:00:00,59497.094854
2/11/2021 15:00:00,59113.319964
