Hour Ending,FWEST
1/1/2021 1:00:00,3978.220628
1/1/2021 2:00:00,3975.757045
1/1/2021 3:00:00,3969.812081
1/1/2021 4:00:00,3983.487761
1/1/2021 5:00:00,3980.940744
1/1/2021 6:00:00,3989.045927
1/1/2021 7:00:00,4002.890462
1/1/2021 8:00:00,4005.830334
1/1/2021 9:00:00,3984.835018
1/1/2021 10:00:00,3952.641191
1/1/2021 11:00:00,3924.61958
1/1/2021 12:00:00,3886.967717
1/1/2021 13:00:00,3850.069053
1/1/2021 14:00:00,3812.649707
1/1/2021 15:00:00,3795.833509
1/1/2021 16:00:00,3774.070508
1/1/2021 17:00:00,3783.264989
1/1/2021 18:00:00,3817.358102
1/1/2021 19:00:00,3892.413733
1/1/2021 20:00:00,3904.442565
1/1/2021 21:00:00,3910.682167
1/1/2021 22:00:00,3896.849202
1/1/2021 23:00:00,3879.350119
1/2/2021 0:00:00,3861.35699
1/2/2021 1:00:00,3845.302225
1/2/2021 2:00:00,3843.716064
1/2/2021 3:00:00,3851.806047
1/2/2021 4:00:00,3847.775402
1/2/2021 5:00:00,3844.832803
1/2/2021 6:00:00,3868.4657
1/2/2021 7:00:00,3898.411286
1/2/2021 8:00:00,3926.689616
1/2/2021 9:00:00,3889.872697
1/2/2021 10:00:00,3848.474041
1/2/2021 11:00:00,3790.817533
1/2/2021 12:00:00,3760.188723
1/2/2021 13:00:00,3726.157981
1/2/2021 14:00:00,3696.820211
1/2/2021 15:00:00,3670.542091
1/2/2021 16:00:00,3666.566545
1/2/2021 17:00:00,3670.12552
1/2/2021 18:00:00,3700.075017
1/2/2021 19:00:00,3821.26431
1/2/2021 20:00:00,3868.678712
1/2/2021 21:00:00,3917.93541
1/2/2021 22:00:00,3921.760132
1/2/2021 23:00:00,3879.139689
1/3/2021 0:00:00,3876.705319
1/3/2021 1:00:00,3864.487486
1/3/2021 2:00:00,3861.915361
1/3/2021 3:00:00,3866.181064
1/3/2021 4:00:00,3875.232777
1/3/2021 5:00:00,3873.861443
1/3/2021 6:00:00,3887.354448
1/3/2021 7:00:00,3909.704505
1/3/2021 8:00:00,3913.04127
1/3/2021 9:00:00,3883.706546
1/3/2021 10:00:00,3828.969191
1/3/2021 11:00:00,3758.630786
1/3/2021 12:00:00,3701.965271
1/3/2021 13:00:00,3662.993916
1/3/2021 14:00:00,3623.535273
1/3/2021 15:00:00,3602.450887
1/3/2021 16:00:00,3583.65
1/3/2021 17:00:00,3596.377832
1/3/2021 18:00:00,3610.091682
1/3/2021 19:00:00,3708.317188
1/3/2021 20:00:00,3754.889608
1/3/2021 21:00:00,3787.505355
1/3/2021 22:00:00,3792.358802
1/3/2021 23:00:00,3768.74782
1/4/2021 0:00:00,3754.198587
1/4/2021 1:00:00,3731.686048
1/4/2021 2:00:00,3724.107738
1/4/2021 3:00:00,3724.030673
1/4/2021 4:00:00,3738.402006
1/4/2021 5:00:00,3751.612616
1/4/2021 6:00:00,3781.462158
1/4/2021 7:00:00,3841.870534
1/4/2021 8:00:00,3896.011036
1/4/2021 9:00:00,3852.849331
1/4/2021 10:00:00,3794.576129
1/4/2021 11:00:00,3763.175259
1/4/2021 12:00:00,3728.174258
1/4/2021 13:00:00,3701.668301
1/4/2021 14:00:00,3685.926333
1/4/2021 15:00:00,3666.716207
1/4/2021 16:00:00,3652.811621
1/4/2021 17:00:00,3651.980224
1/4/2021 18:00:00,3643.024435
1/4/2021 19:00:00,3738.821566
1/4/2021 20:00:00,3776.260729
1/4/2021 21:00:00,3788.422125
1/4/2021 22:00:00,3797.10853
1/4/2021 23:00:00,3791.131719
1/5/2021 0:00:00,3787.233453
1/5/2021 1:00:00,3802.253549
1/5/2021 2:00:00,3788.016575
1/5/2021 3:00:00,3784.4107
1/5/2021 4:00:00,3785.160714
1/5/2021 5:00:00,3834.709065
1/5/2021 6:00:00,3891.906034
1/5/2021 7:00:00,3986.624915
1/5/2021 8:00:00,4019.219327
1/5/2021 9:00:00,3977.301627
1/5/2021 10:00:00,3908.379062
1/5/2021 11:00:00,3832.497433
1/5/2021 12:00:00,3796.733056
1/5/2021 13:00:00,3760.757426
1/5/2021 14:00:00,3743.720503
1/5/2021 15:00:00,3734.719191
1/5/2021 16:00:00,3730.192467
1/5/2021 17:00:00,3723.018529
1/5/2021 18:00:00,3731.487889
1/5/2021 19:00:00,3845.938797
1/5/2021 20:00:00,3881.191329
1/5/2021 21:00:00,3893.724953
1/5/2021 22:00:00,3890.499488
1/5/2021 23:00:00,3860.495697
1/6/2021 0:00:00,3835.144767
1/6/2021 1:00:00,3817.51602
1/6/2021 2:00:00,3817.039084
1/6/2021 3:00:00,3819.086816
1/6/2021 4:00:00,3821.708195
1/6/2021 5:00:00,3851.773084
1/6/2021 6:00:00,3892.558345
1/6/2021 7:00:00,3978.284419
1/6/2021 8:00:00,4012.937093
1/6/2021 9:00:00,3982.668019
1/6/2021 10:00:00,3965.972387
1/6/2021 11:00:00,3941.503705
1/6/2021 12:00:00,3920.205804
1/6/2021 13:00:00,3873.925303
1/6/2021 14:00:00,3866.747853
1/6/2021 15:00:00,3846.538355
1/6/2021 16:00:00,3847.989947
1/6/2021 17:00:00,3859.01842
1/6/2021 18:00:00,3854.487216
1/6/2021 19:00:00,3890.468891
1/6/2021 20:00:00,3903.392279
1/6/2021 21:00:00,3923.576532
1/6/2021 22:00:00,3926.739509
1/6/2021 23:00:00,3895.877755
1/7/2021 0:00:00,3887.550805
1/7/2021 1:00:00,3863.893098
1/7/2021 2:00:00,3848.508969
1/7/2021 3:00:00,3849.295131
1/7/2021 4:00:00,3872.387514
1/7/2021 5:00:00,3897.195215
1/7/2021 6:00:00,3927.254302
1/7/2021 7:00:00,3999.166751
1/7/2021 8:00:00,4046.445579
1/7/2021 9:00:00,3998.581699
1/7/2021 10:00:00,3915.496873
1/7/2021 11:00:00,3830.303021
1/7/2021 12:00:00,3778.183423
1/7/2021 13:00:00,3745.070669
1/7/2021 14:00:00,3720.917296
1/7/2021 15:00:00,3702.890821
1/7/2021 16:00:00,3692.720943
1/7/2021 17:00:00,3700.205248
1/7/2021 18:00:00,3711.407207
1/7/2021 19:00:00,3818.016294
1/7/2021 20:00:00,3840.097395
1/7/2021 21:00:00,3870.96704
1/7/2021 22:00:00,3871.817086
1/7/2021 23:00:00,3842.589384
1/8/2021 0:00:00,3800.515078
1/8/2021 1:00:00,3768.861739
1/8/2021 2:00:00,3784.29719
1/8/2021 3:00:00,3814.211112
1/8/2021 4:00:00,3833.036095
1/8/2021 5:00:00,3849.969467
1/8/2021 6:00:00,3913.450312
1/8/2021 7:00:00,3975.381992
1/8/2021 8:00:00,4021.420416
1/8/2021 9:00:00,4005.039189
1/8/2021 10:00:00,3936.041281
1/8/2021 11:00:00,3899.466074
1/8/2021 12:00:00,3889.494036
1/8/2021 13:00:00,3875.877625
1/8/2021 14:00:00,3881.520759
1/8/2021 15:00:00,3888.519288
1/8/2021 16:00:00,3909.176454
1/8/2021 17:00:00,3933.812533
1/8/2021 18:00:00,3955.702367
1/8/2021 19:00:00,4049.910894
1/8/2021 20:00:00,4055.685591
1/8/2021 21:00:00,4056.551402
1/8/2021 22:00:00,4047.231406
1/8/2021 23:00:00,4029.947505
1/9/2021 0:00:00,4007.830821
1/9/2021 1:00:00,4041.330242
1/9/2021 2:00:00,4039.390647
1/9/2021 3:00:00,4045.127589
1/9/2021 4:00:00,4062.001541
1/9/2021 5:00:00,4056.281377
1/9/2021 6:00:00,4067.763035
1/9/2021 7:00:00,4082.588019
1/9/2021 8:00:00,4111.429958
1/9/2021 9:00:00,4086.006087
1/9/2021 10:00:00,4078.229487
1/9/2021 11:00:00,4066.642108
1/9/2021 12:00:00,4065.474746
1/9/2021 13:00:00,4055.286693
1/9/2021 14:00:00,4027.092216
1/9/2021 15:00:00,4010.487503
1/9/2021 16:00:00,4013.945419
1/9/2021 17:00:00,4031.946224
1/9/2021 18:00:00,4041.440926
1/9/2021 19:00:00,4068.328278
1/9/2021 20:00:00,4040.522803
1/9/2021 21:00:00,4038.774937
1/9/2021 22:00:00,4035.54235
1/9/2021 23:00:00,4012.365541
1/10/2021 0:00:00,3999.156714
1/10/2021 1:00:00,3992.972939
1/10/2021 2:00:00,3991.110306
1/10/2021 3:00:00,3985.861797
1/10/2021 4:00:00,3971.673107
1/10/2021 5:00:00,3957.438945
1/10/2021 6:00:00,3972.464604
1/10/2021 7:00:00,3987.206896
1/10/2021 8:00:00,4033.671237
1/10/2021 9:00:00,4042.222888
1/10/2021 10:00:00,4081.395074
1/10/2021 11:00:00,4089.72323
1/10/2021 12:00:00,4096.658734
1/10/2021 13:00:00,4099.74254
1/10/2021 14:00:00,4099.390701
1/10/2021 15:00:00,4099.067113
1/10/2021 16:00:00,4098.935322
1/10/2021 17:00:00,4111.017893
1/10/2021 18:00:00,4115.35376
1/10/2021 19:00:00,4165.400989
1/10/2021 20:00:00,4176.998339
1/10/2021 21:00:00,4162.047438
1/10/2021 22:00:00,4124.689458
1/10/2021 23:00:00,4063.903254
1/11/2021 0:00:00,4020.094611
1/11/2021 1:00:00,3992.372207
1/11/2021 2:00:00,3977.020235
1/11/2021 3:00:00,3961.354575
1/11/2021 4:00:00,3973.122508
1/11/2021 5:00:00,3990.87275
1/11/2021 6:00:00,4018.930011
1/11/2021 7:00:00,4069.350479
1/11/2021 8:00:00,4135.166915
1/11/2021 9:00:00,4129.646365
1/11/2021 10:00:00,4090.939024
1/11/2021 11:00:00,4075.252802
1/11/2021 12:00:00,4066.994799
1/11/2021 13:00:00,4039.835835
1/11/2021 14:00:00,3999.550345
1/11/2021 15:00:00,3965.015887
1/11/2021 16:00:00,3948.410478
1/11/2021 17:00:00,3967.359569
1/11/2021 18:00:00,4004.081259
1/11/2021 19:00:00,4117.476788
1/11/2021 20:00:00,4149.095376
1/11/2021 21:00:00,4160.962441
1/11/2021 22:00:00,4154.249874
1/11/2021 23:00:00,4113.493523
1/12/2021 0:00:00,4081.628863
1/12/2021 1:00:00,4070.412064
1/12/2021 2:00:00,4042.671039
1/12/2021 3:00:00,4026.755459
1/12/2021 4:00:00,4012.925393
1/12/2021 5:00:00,4034.710681
1/12/2021 6:00:00,4082.366333
1/12/2021 7:00:00,4167.668795
1/12/2021 8:00:00,4195.141552
1/12/2021 9:00:00,4175.328467
1/12/2021 10:00:00,4110.521
1/12/2021 11:00:00,4015.816791
1/12/2021 12:00:00,3947.066206
1/12/2021 13:00:00,3889.634279
1/12/2021 14:00:00,3844.274307
1/12/2021 15:00:00,3801.13308
1/12/2021 16:00:00,3790.408451
1/12/2021 17:00:00,3790.062011
1/12/2021 18:00:00,3832.001957
1/12/2021 19:00:00,3958.579967
1/12/2021 20:00:00,4024.757087
1/12/2021 21:00:00,4045.134149
1/12/2021 22:00:00,4055.382377
1/12/2021 23:00:00,4023.77442
1/13/2021 0:00:00,3999.433836
1/13/2021 1:00:00,3991.0573
1/13/2021 2:00:00,4003.503662
1/13/2021 3:00:00,4003.474115
1/13/2021 4:00:00,4010.709132
1/13/2021 5:00:00,4044.870066
1/13/2021 6:00:00,4087.484767
1/13/2021 7:00:00,4169.419609
1/13/2021 8:00:00,4183.632027
1/13/2021 9:00:00,4120.297885
1/13/2021 10:00:00,4026.629365
1/13/2021 11:00:00,3946.737309
1/13/2021 12:00:00,3907.229724
1/13/2021 13:00:00,3824.826718
1/13/2021 14:00:00,3801.177499
1/13/2021 15:00:00,3763.510047
1/13/2021 16:00:00,3756.413883
1/13/2021 17:00:00,3748.84495
1/13/2021 18:00:00,3733.525026
1/13/2021 19:00:00,3817.875564
1/13/2021 20:00:00,3857.51596
1/13/2021 21:00:00,3881.067113
1/13/2021 22:00:00,3897.790768
1/13/2021 23:00:00,3860.5459
1/14/2021 0:00:00,3835.108855
1/14/2021 1:00:00,3825.851327
1/14/2021 2:00:00,3815.008336
1/14/2021 3:00:00,3810.655306
1/14/2021 4:00:00,3821.716518
1/14/2021 5:00:00,3843.354629
1/14/2021 6:00:00,3871.205558
1/14/2021 7:00:00,3933.456216
1/14/2021 8:00:00,3975.307753
1/14/2021 9:00:00,3944.185859
1/14/2021 10:00:00,3890.872305
1/14/2021 11:00:00,3845.516128
1/14/2021 12:00:00,3836.86124
1/14/2021 13:00:00,3811.950611
1/14/2021 14:00:00,3795.833073
1/14/2021 15:00:00,3770.74426
1/14/2021 16:00:00,3740.259407
1/14/2021 17:00:00,3744.973302
1/14/2021 18:00:00,3736.689232
1/14/2021 19:00:00,3872.351713
1/14/2021 20:00:00,3915.155224
1/14/2021 21:00:00,3939.110284
1/14/2021 22:00:00,3945.421672
1/14/2021 23:00:00,3926.147657
1/15/2021 0:00:00,3899.217017
1/15/2021 1:00:00,3863.593759
1/15/2021 2:00:00,3892.252616
1/15/2021 3:00:00,3923.633548
1/15/2021 4:00:00,3950.843856
1/15/2021 5:00:00,3970.883745
1/15/2021 6:00:00,4041.088411
1/15/2021 7:00:00,4098.536302
1/15/2021 8:00:00,4138.163541
1/15/2021 9:00:00,4108.538822
1/15/2021 10:00:00,4002.460697
1/15/2021 11:00:00,3933.670386
1/15/2021 12:00:00,3911.755643
1/15/2021 13:00:00,3878.551471
1/15/2021 14:00:00,3853.222876
1/15/2021 15:00:00,3840.158703
1/15/2021 16:00:00,3833.721529
1/15/2021 17:00:00,3809.686544
1/15/2021 18:00:00,3800.463643
1/15/2021 19:00:00,3906.39619
1/15/2021 20:00:00,3972.278352
1/15/2021 21:00:00,4013.134587
1/15/2021 22:00:00,4014.750519
1/15/2021 23:00:00,4020.092437
1/16/2021 0:00:00,4002.577536
1/16/2021 1:00:00,3983.985892
1/16/2021 2:00:00,3976.174635
1/16/2021 3:00:00,3964.623082
1/16/2021 4:00:00,3973.617329
1/16/2021 5:00:00,3981.716881
1/16/2021 6:00:00,3982.802246
1/16/2021 7:00:00,4010.520855
1/16/2021 8:00:00,4029.161933
1/16/2021 9:00:00,3996.281482
1/16/2021 10:00:00,3923.088086
1/16/2021 11:00:00,3835.152077
1/16/2021 12:00:00,3782.72155
1/16/2021 13:00:00,3739.398237
1/16/2021 14:00:00,3695.457683
1/16/2021 15:00:00,3661.994088
1/16/2021 16:00:00,3673.248228
1/16/2021 17:00:00,3692.02047
1/16/2021 18:00:00,3694.775241
1/16/2021 19:00:00,3740.792604
1/16/2021 20:00:00,3764.62428
1/16/2021 21:00:00,3795.032261
1/16/2021 22:00:00,3819.217693
1/16/2021 23:00:00,3837.227279
1/17/2021 0:00:00,3864.602355
1/17/2021 1:00:00,3876.90817
1/17/2021 2:00:00,3882.837839
1/17/2021 3:00:00,3882.011053
1/17/2021 4:00:00,3890.110145
1/17/2021 5:00:00,3907.076167
1/17/2021 6:00:00,3922.76864
1/17/2021 7:00:00,3941.888783
1/17/2021 8:00:00,3983.720376
1/17/2021 9:00:00,3968.216967
1/17/2021 10:00:00,3899.946664
1/17/2021 11:00:00,3824.470776
1/17/2021 12:00:00,3757.874709
1/17/2021 13:00:00,3706.564916
1/17/2021 14:00:00,3679.58849
1/17/2021 15:00:00,3661.334385
1/17/2021 16:00:00,3633.908823
1/17/2021 17:00:00,3636.468896
1/17/2021 18:00:00,3645.642309
1/17/2021 19:00:00,3741.36363
1/17/2021 20:00:00,3805.293821
1/17/2021 21:00:00,3837.117316
1/17/2021 22:00:00,3845.418994
1/17/2021 23:00:00,3832.781737
1/18/2021 0:00:00,3849.377437
1/18/2021 1:00:00,3882.764477
1/18/2021 2:00:00,3896.81721
1/18/2021 3:00:00,3907.283763
1/18/2021 4:00:00,3924.090843
1/18/2021 5:00:00,3949.794371
1/18/2021 6:00:00,3990.616241
1/18/2021 7:00:00,4050.595389
1/18/2021 8:00:00,4102.894276
1/18/2021 9:00:00,4081.966759
1/18/2021 10:00:00,4013.046608
1/18/2021 11:00:00,3941.039204
1/18/2021 12:00:00,3889.791197
1/18/2021 13:00:00,3853.35374
1/18/2021 14:00:00,3847.004801
1/18/2021 15:00:00,3832.050114
1/18/2021 16:00:00,3806.710679
1/18/2021 17:00:00,3812.234473
1/18/2021 18:00:00,3776.302353
1/18/2021 19:00:00,3856.96923
1/18/2021 20:00:00,3927.378546
1/18/2021 21:00:00,3944.892033
1/18/2021 22:00:00,3944.006719
1/18/2021 23:00:00,3917.106431
1/19/2021 0:00:00,3898.770396
1/19/2021 1:00:00,3845.508221
1/19/2021 2:00:00,3814.119554
1/19/2021 3:00:00,3800.58937
1/19/2021 4:00:00,3797.825856
1/19/2021 5:00:00,3838.051721
1/19/2021 6:00:00,3890.600839
1/19/2021 7:00:00,3972.804356
1/19/2021 8:00:00,3997.4018
1/19/2021 9:00:00,3978.464011
1/19/2021 10:00:00,3977.641033
1/19/2021 11:00:00,3983.080175
1/19/2021 12:00:00,3996.196923
1/19/2021 13:00:00,3995.239043
1/19/2021 14:00:00,4016.718325
1/19/2021 15:00:00,4021.62364
1/19/2021 16:00:00,4037.518274
1/19/2021 17:00:00,4037.885757
1/19/2021 18:00:00,4052.703811
1/19/2021 19:00:00,4096.558039
1/19/2021 20:00:00,4073.660563
1/19/2021 21:00:00,4034.873652
1/19/2021 22:00:00,3997.315802
1/19/2021 23:00:00,3936.303915
1/20/2021 0:00:00,3886.928238
1/20/2021 1:00:00,3885.370434
1/20/2021 2:00:00,3876.613613
1/20/2021 3:00:00,3868.82622
1/20/2021 4:00:00,3858.968799
1/20/2021 5:00:00,3869.731117
1/20/2021 6:00:00,3898.791249
1/20/2021 7:00:00,3966.054793
1/20/2021 8:00:00,3991.182069
1/20/2021 9:00:00,3982.934659
1/20/2021 10:00:00,3994.667887
1/20/2021 11:00:00,3994.239303
1/20/2021 12:00:00,3997.241613
1/20/2021 13:00:00,3946.103013
1/20/2021 14:00:00,3941.591104
1/20/2021 15:00:00,3912.95117
1/20/2021 16:00:00,3900.827159
1/20/2021 17:00:00,3921.111465
1/20/2021 18:00:00,3922.765231
1/20/2021 19:00:00,3961.217495
1/20/2021 20:00:00,3964.812837
1/20/2021 21:00:00,3964.929292
1/20/2021 22:00:00,3948.90024
1/20/2021 23:00:00,3888.680672
1/21/2021 0:00:00,3843.092359
1/21/2021 1:00:00,3824.636
1/21/2021 2:00:00,3799.791975
1/21/2021 3:00:00,3775.366832
1/21/2021 4:00:00,3772.946991
1/21/2021 5:00:00,3790.788414
1/21/2021 6:00:00,3784.060899
1/21/2021 7:00:00,3822.675879
1/21/2021 8:00:00,3854.611318
1/21/2021 9:00:00,3837.045767
1/21/2021 10:00:00,3825.244783
1/21/2021 11:00:00,3789.498343
1/21/2021 12:00:00,3789.516903
1/21/2021 13:00:00,3754.310795
1/21/2021 14:00:00,3761.03101
1/21/2021 15:00:00,3730.620808
1/21/2021 16:00:00,3696.498327
1/21/2021 17:00:00,3707.571473
1/21/2021 18:00:00,3704.658517
1/21/2021 19:00:00,3768.002083
1/21/2021 20:00:00,3765.016493
1/21/2021 21:00:00,3767.163636
1/21/2021 22:00:00,3742.867599
1/21/2021 23:00:00,3711.419013
1/22/2021 0:00:00,3667.432156
1/22/2021 1:00:00,3616.598441
1/22/2021 2:00:00,3611.426632
1/22/2021 3:00:00,3620.714293
1/22/2021 4:00:00,3633.260935
1/22/2021 5:00:00,3662.129143
1/22/2021 6:00:00,3705.105718
1/22/2021 7:00:00,3764.809448
1/22/2021 8:00:00,3806.146163
1/22/2021 9:00:00,3784.087339
1/22/2021 10:00:00,3735.522275
1/22/2021 11:00:00,3678.150591
1/22/2021 12:00:00,3658.669642
1/22/2021 13:00:00,3650.26425
1/22/2021 14:00:00,3664.479733
1/22/2021 15:00:00,3675.355785
1/22/2021 16:00:00,3679.966803
1/22/2021 17:00:00,3683.289158
1/22/2021 18:00:00,3678.344491
1/22/2021 19:00:00,3724.790758
1/22/2021 20:00:00,3747.711093
1/22/2021 21:00:00,3742.414919
1/22/2021 22:00:00,3744.262136
1/22/2021 23:00:00,3742.754853
1/23/2021 0:00:00,3739.402626
1/23/2021 1:00:00,3748.300293
1/23/2021 2:00:00,3745.505328
1/23/2021 3:00:00,3738.081465
1/23/2021 4:00:00,3741.918545
1/23/2021 5:00:00,3736.952234
1/23/2021 6:00:00,3749.39296
1/23/2021 7:00:00,3763.045667
1/23/2021 8:00:00,3791.320856
1/23/2021 9:00:00,3810.866053
1/23/2021 10:00:00,3829.534643
1/23/2021 11:00:00,3832.338171
1/23/2021 12:00:00,3823.330898
1/23/2021 13:00:00,3771.627295
1/23/2021 14:00:00,3724.72881
1/23/2021 15:00:00,3693.8974
1/23/2021 16:00:00,3686.964391
1/23/2021 17:00:00,3681.814356
1/23/2021 18:00:00,3666.515388
1/23/2021 19:00:00,3706.771209
1/23/2021 20:00:00,3730.986754
1/23/2021 21:00:00,3754.523346
1/23/2021 22:00:00,3768.870554
1/23/2021 23:00:00,3761.184265
1/24/2021 0:00:00,3748.991228
1/24/2021 1:00:00,3717.339452
1/24/2021 2:00:00,3683.724129
1/24/2021 3:00:00,3663.113407
1/24/2021 4:00:00,3655.323131
1/24/2021 5:00:00,3637.875884
1/24/2021 6:00:00,3632.004714
1/24/2021 7:00:00,3644.051596
1/24/2021 8:00:00,3677.13879
1/24/2021 9:00:00,3677.127709
1/24/2021 10:00:00,3700.874507
1/24/2021 11:00:00,3682.418235
1/24/2021 12:00:00,3667.78707
1/24/2021 13:00:00,3653.942086
1/24/2021 14:00:00,3665.558269
1/24/2021 15:00:00,3677.812418
1/24/2021 16:00:00,3677.289113
1/24/2021 17:00:00,3686.743863
1/24/2021 18:00:00,3696.899857
1/24/2021 19:00:00,3752.568906
1/24/2021 20:00:00,3774.573634
1/24/2021 21:00:00,3767.455873
1/24/2021 22:00:00,3747.181369
1/24/2021 23:00:00,3708.115404
1/25/2021 0:00:00,3680.40818
1/25/2021 1:00:00,3658.015841
1/25/2021 2:00:00,3654.742537
1/25/2021 3:00:00,3645.935871
1/25/2021 4:00:00,3675.106998
1/25/2021 5:00:00,3715.852737
1/25/2021 6:00:00,3787.161869
1/25/2021 7:00:00,3865.750347
1/25/2021 8:00:00,3925.103124
1/25/2021 9:00:00,3892.327099
1/25/2021 10:00:00,3859.639877
1/25/2021 11:00:00,3852.221997
1/25/2021 12:00:00,3851.332971
1/25/2021 13:00:00,3836.238897
1/25/2021 14:00:00,3813.332746
1/25/2021 15:00:00,3784.937948
1/25/2021 16:00:00,3756.01358
1/25/2021 17:00:00,3769.249577
1/25/2021 18:00:00,3768.22604
1/25/2021 19:00:00,3827.241393
1/25/2021 20:00:00,3856.130398
1/25/2021 21:00:00,3863.951155
1/25/2021 22:00:00,3850.202637
1/25/2021 23:00:00,3811.258189
1/26/2021 0:00:00,3793.1972
1/26/2021 1:00:00,3814.230312
1/26/2021 2:00:00,3789.36203
1/26/2021 3:00:00,3791.733662
1/26/2021 4:00:00,3784.684909
1/26/2021 5:00:00,3812.144592
1/26/2021 6:00:00,3854.265219
1/26/2021 7:00:00,3958.838618
1/26/2021 8:00:00,3997.981394
1/26/2021 9:00:00,3956.488602
1/26/2021 10:00:00,3891.620092
1/26/2021 11:00:00,3808.802762
1/26/2021 12:00:00,3760.503871
1/26/2021 13:00:00,3726.60072
1/26/2021 14:00:00,3709.28763
1/26/2021 15:00:00,3688.77458
1/26/2021 16:00:00,3692.819655
1/26/2021 17:00:00,3699.770842
1/26/2021 18:00:00,3727.491419
1/26/2021 19:00:00,3838.307333
1/26/2021 20:00:00,3871.721218
1/26/2021 21:00:00,3867.698192
1/26/2021 22:00:00,3863.976313
1/26/2021 23:00:00,3829.531064
1/27/2021 0:00:00,3809.136421
1/27/2021 1:00:00,3800.102454
1/27/2021 2:00:00,3805.626931
1/27/2021 3:00:00,3812.441098
1/27/2021 4:00:00,3836.24296
1/27/2021 5:00:00,3872.713841
1/27/2021 6:00:00,3927.43393
1/27/2021 7:00:00,4017.715375
1/27/2021 8:00:00,4043.563456
1/27/2021 9:00:00,3982.285874
1/27/2021 10:00:00,3920.454137
1/27/2021 11:00:00,3859.590276
1/27/2021 12:00:00,3821.083161
1/27/2021 13:00:00,3751.562497
1/27/2021 14:00:00,3706.052456
1/27/2021 15:00:00,3677.078813
1/27/2021 16:00:00,3678.225187
1/27/2021 17:00:00,3684.12736
1/27/2021 18:00:00,3673.076287
1/27/2021 19:00:00,3751.714773
1/27/2021 20:00:00,3819.785426
1/27/2021 21:00:00,3854.090216
1/27/2021 22:00:00,3883.437585
1/27/2021 23:00:00,3849.725163
1/28/2021 0:00:00,3841.273548
1/28/2021 1:00:00,3812.613549
1/28/2021 2:00:00,3819.286492
1/28/2021 3:00:00,3804.07118
1/28/2021 4:00:00,3823.328924
1/28/2021 5:00:00,3868.905
1/28/2021 6:00:00,3898.730316
1/28/2021 7:00:00,3977.93127
1/28/2021 8:00:00,4025.034281
1/28/2021 9:00:00,4000.907885
1/28/2021 10:00:00,3954.851169
1/28/2021 11:00:00,3882.27278
1/28/2021 12:00:00,3836.648295
1/28/2021 13:00:00,3778.534387
1/28/2021 14:00:00,3753.316059
1/28/2021 15:00:00,3748.1273
1/28/2021 16:00:00,3748.033817
1/28/2021 17:00:00,3776.93501
1/28/2021 18:00:00,3803.57048
1/28/2021 19:00:00,3900.734741
1/28/2021 20:00:00,3931.029463
1/28/2021 21:00:00,3937.574107
1/28/2021 22:00:00,3931.857733
1/28/2021 23:00:00,3904.1808
1/29/2021 0:00:00,3868.557519
1/29/2021 1:00:00,3851.685955
1/29/2021 2:00:00,3860.17258
1/29/2021 3:00:00,3863.639659
1/29/2021 4:00:00,3875.274149
1/29/2021 5:00:00,3884.231539
1/29/2021 6:00:00,3908.479565
1/29/2021 7:00:00,3967.567278
1/29/2021 8:00:00,3977.837909
1/29/2021 9:00:00,3944.556974
1/29/2021 10:00:00,3906.307241
1/29/2021 11:00:00,3843.292595
1/29/2021 12:00:00,3786.914931
1/29/2021 13:00:00,3749.137672
1/29/2021 14:00:00,3748.782638
1/29/2021 15:00:00,3744.718948
1/29/2021 16:00:00,3723.564869
1/29/2021 17:00:00,3735.162859
1/29/2021 18:00:00,3733.147219
1/29/2021 19:00:00,3776.188949
1/29/2021 20:00:00,3805.268531
1/29/2021 21:00:00,3821.447924
1/29/2021 22:00:00,3815.187249
1/29/2021 23:00:00,3812.866865
1/30/2021 0:00:00,3805.069173
1/30/2021 1:00:00,3775.297127
1/30/2021 2:00:00,3759.911013
1/30/2021 3:00:00,3752.798691
1/30/2021 4:00:00,3757.301395
1/30/2021 5:00:00,3757.289219
1/30/2021 6:00:00,3762.976825
1/30/2021 7:00:00,3785.832387
1/30/2021 8:00:00,3836.226437
1/30/2021 9:00:00,3838.84786
1/30/2021 10:00:00,3821.459748
1/30/2021 11:00:00,3801.87876
1/30/2021 12:00:00,3794.069472
1/30/2021 13:00:00,3764.165415
1/30/2021 14:00:00,3737.556779
1/30/2021 15:00:00,3720.434779
1/30/2021 16:00:00,3723.276026
1/30/2021 17:00:00,3725.611908
1/30/2021 18:00:00,3704.196861
1/30/2021 19:00:00,3719.287345
1/30/2021 20:00:00,3750.328075
1/30/2021 21:00:00,3759.724015
1/30/2021 22:00:00,3774.512035
1/30/2021 23:00:00,3782.089993
1/31/2021 0:00:00,3770.121717
1/31/2021 1:00:00,3770.803529
1/31/2021 2:00:00,3781.349803
1/31/2021 3:00:00,3795.469325
1/31/2021 4:00:00,3789.920348
1/31/2021 5:00:00,3786.51063
1/31/2021 6:00:00,3800.16776
1/31/2021 7:00:00,3836.54681
1/31/2021 8:00:00,3869.640042
1/31/2021 9:00:00,3847.923729
1/31/2021 10:00:00,3825.877076
1/31/2021 11:00:00,3789.140354
1/31/2021 12:00:00,3757.93272
1/31/2021 13:00:00,3705.71002
1/31/2021 14:00:00,3682.972601
1/31/2021 15:00:00,3655.182972
1/31/2021 16:00:00,3636.911294
1/31/2021 17:00:00,3647.371243
1/31/2021 18:00:00,3646.33527
1/31/2021 19:00:00,3722.281995
1/31/2021 20:00:00,3776.525614
1/31/2021 21:00:00,3796.419628
1/31/2021 22:00:00,3814.385499
1/31/2021 23:00:00,3805.189007
2/1/2021 0:00:00,3795.522359
2/1/2021 1:00:00,3734.77057
2/1/2021 2:00:00,3754.953654
2/1/2021 3:00:00,3752.970553
2/1/2021 4:00:00,3769.011937
2/1/2021 5:00:00,3796.431505
2/1/2021 6:00:00,3850.622762
2/1/2021 7:00:00,3914.733726
2/1/2021 8:00:00,3947.383181
2/1/2021 9:00:00,3880.209249
2/1/2021 10:00:00,3799.150532
2/1/2021 11:00:00,3741.815521
2/1/2021 12:00:00,3720.47669
2/1/2021 13:00:00,3674.879243
2/1/2021 14:00:00,3649.258477
2/1/2021 15:00:00,3634.941649
2/1/2021 16:00:00,3649.596825
2/1/2021 17:00:00,3653.176532
2/1/2021 18:00:00,3662.365015
2/1/2021 19:00:00,3724.491289
2/1/2021 20:00:00,3764.609778
2/1/2021 21:00:00,3779.504676
2/1/2021 22:00:00,3769.337025
2/1/2021 23:00:00,3749.37909
2/2/2021 0:00:00,3743.41713
2/2/2021 1:00:00,3778.490783
2/2/2021 2:00:00,3759.249034
2/2/2021 3:00:00,3744.719989
2/2/2021 4:00:00,3747.162056
2/2/2021 5:00:00,3765.174502
2/2/2021 6:00:00,3788.200497
2/2/2021 7:00:00,3862.159493
2/2/2021 8:00:00,3870.452794
2/2/2021 9:00:00,3830.343845
2/2/2021 10:00:00,3799.411287
2/2/2021 11:00:00,3740.873632
2/2/2021 12:00:00,3720.429509
2/2/2021 13:00:00,3683.170567
2/2/2021 14:00:00,3669.362001
2/2/2021 15:00:00,3645.568698
2/2/2021 16:00:00,3646.991849
2/2/2021 17:00:00,3643.840702
2/2/2021 18:00:00,3633.964558
2/2/2021 19:00:00,3683.513684
2/2/2021 20:00:00,3706.766262
2/2/2021 21:00:00,3707.132235
2/2/2021 22:00:00,3706.290326
2/2/2021 23:00:00,3687.150159
2/3/2021 0:00:00,3650.824273
2/3/2021 1:00:00,3629.201043
2/3/2021 2:00:00,3615.326705
2/3/2021 3:00:00,3611.740378
2/3/2021 4:00:00,3639.956289
2/3/2021 5:00:00,3673.185898
2/3/2021 6:00:00,3705.001848
2/3/2021 7:00:00,3791.953494
2/3/2021 8:00:00,3786.775532
2/3/2021 9:00:00,3727.542079
2/3/2021 10:00:00,3671.456904
2/3/2021 11:00:00,3619.483965
2/3/2021 12:00:00,3614.874861
2/3/2021 13:00:00,3591.877096
2/3/2021 14:00:00,3622.652106
2/3/2021 15:00:00,3667.033654
2/3/2021 16:00:00,3708.86589
2/3/2021 17:00:00,3742.189459
2/3/2021 18:00:00,3709.959274
2/3/2021 19:00:00,3728.67483
2/3/2021 20:00:00,3782.105842
2/3/2021 21:00:00,3769.525882
2/3/2021 22:00:00,3737.079115
2/3/2021 23:00:00,3680.870676
2/4/2021 0:00:00,3625.679872
2/4/2021 1:00:00,3586.672864
2/4/2021 2:00:00,3578.162412
2/4/2021 3:00:00,3563.635204
2/4/2021 4:00:00,3558.086939
2/4/2021 5:00:00,3589.552641
2/4/2021 6:00:00,3630.41787
2/4/2021 7:00:00,3684.1508
2/4/2021 8:00:00,3693.223505
2/4/2021 9:00:00,3656.748198
2/4/2021 10:00:00,3636.646028
2/4/2021 11:00:00,3658.180495
2/4/2021 12:00:00,3683.762792
2/4/2021 13:00:00,3685.429391
2/4/2021 14:00:00,3677.672769
2/4/2021 15:00:00,3670.436109
2/4/2021 16:00:00,3666.151603
2/4/2021 17:00:00,3642.209895
2/4/2021 18:00:00,3602.874894
2/4/2021 19:00:00,3667.459682
2/4/2021 20:00:00,3723.230846
2/4/2021 21:00:00,3731.525018
2/4/2021 22:00:00,3710.844695
2/4/2021 23:00:00,3666.872449
2/5/2021 0:00:00,3630.978166
2/5/2021 1:00:00,3651.030807
2/5/2021 2:00:00,3657.132669
2/5/2021 3:00:00,3665.986286
2/5/2021 4:00:00,3675.030377
2/5/2021 5:00:00,3681.825379
2/5/2021 6:00:00,3735.156053
2/5/2021 7:00:00,3823.820317
2/5/2021 8:00:00,3881.310813
2/5/2021 9:00:00,3842.68994
2/5/2021 10:00:00,3787.602969
2/5/2021 11:00:00,3741.663686
2/5/2021 12:00:00,3701.835003
2/5/2021 13:00:00,3665.406844
2/5/2021 14:00:00,3645.339171
2/5/2021 15:00:00,3636.369358
2/5/2021 16:00:00,3621.461088
2/5/2021 17:00:00,3631.181634
2/5/2021 18:00:00,3628.636782
2/5/2021 19:00:00,3681.79274
2/5/2021 20:00:00,3712.995398
2/5/2021 21:00:00,3733.841528
2/5/2021 22:00:00,3746.73893
2/5/2021 23:00:00,3762.91356
2/6/2021 0:00:00,3755.515604
2/6/2021 1:00:00,3763.03743
2/6/2021 2:00:00,3769.66974
2/6/2021 3:00:00,3773.263671
2/6/2021 4:00:00,3779.193559
2/6/2021 5:00:00,3802.391744
2/6/2021 6:00:00,3828.220299
2/6/2021 7:00:00,3844.500661
2/6/2021 8:00:00,3868.410554
2/6/2021 9:00:00,3860.507282
2/6/2021 10:00:00,3854.801316
2/6/2021 11:00:00,3834.739966
2/6/2021 12:00:00,3809.093429
2/6/2021 13:00:00,3783.735876
2/6/2021 14:00:00,3757.639241
2/6/2021 15:00:00,3728.709066
2/6/2021 16:00:00,3711.815201
2/6/2021 17:00:00,3698.673916
2/6/2021 18:00:00,3665.558172
2/6/2021 19:00:00,3678.313718
2/6/2021 20:00:00,3730.639685
2/6/2021 21:00:00,3742.976804
2/6/2021 22:00:00,3757.364776
2/6/2021 23:00:00,3770.221364
2/7/2021 0:00:00,3764.962115
2/7/2021 1:00:00,3745.043255
2/7/2021 2:00:00,3752.15532
2/7/2021 3:00:00,3763.925789
2/7/2021 4:00:00,3770.21621
2/7/2021 5:00:00,3770.266346
2/7/2021 6:00:00,3771.987661
2/7/2021 7:00:00,3793.032795
2/7/2021 8:00:00,3828.149646
2/7/2021 9:00:00,3806.662254
2/7/2021 10:00:00,3790.492592
2/7/2021 11:00:00,3744.629311
2/7/2021 12:00:00,3717.75702
2/7/2021 13:00:00,3670.437687
2/7/2021 14:00:00,3651.719281
2/7/2021 15:00:00,3644.629698
2/7/2021 16:00:00,3645.911077
2/7/2021 17:00:00,3646.051412
2/7/2021 18:00:00,3645.743853
2/7/2021 19:00:00,3670.50956
2/7/2021 20:00:00,3717.278884
2/7/2021 21:00:00,3726.304354
2/7/2021 22:00:00,3749.994475
2/7/2021 23:00:00,3732.751068
2/8/2021 0:00:00,3686.121779
2/8/2021 1:00:00,3631.27492
2/8/2021 2:00:00,3625.374199
2/8/2021 3:00:00,3625.271926
2/8/2021 4:00:00,3621.393846
2/8/2021 5:00:00,3645.547879
2/8/2021 6:00:00,3684.031961
2/8/2021 7:00:00,3737.030758
2/8/2021 8:00:00,3763.404696
2/8/2021 9:00:00,3740.874243
2/8/2021 10:00:00,3715.448064
2/8/2021 11:00:00,3671.704511
2/8/2021 12:00:00,3667.548896
2/8/2021 13:00:00,3654.533078
2/8/2021 14:00:00,3645.077783
2/8/2021 15:00:00,3659.546674
2/8/2021 16:00:00,3674.812419
2/8/2021 17:00:00,3674.555142
2/8/2021 18:00:00,3675.887416
2/8/2021 19:00:00,3697.571071
2/8/2021 20:00:00,3722.811446
2/8/2021 21:00:00,3705.983427
2/8/2021 22:00:00,3680.082012
2/8/2021 23:00:00,3639.934504
2/9/2021 0:00:00,3606.367547
2/9/2021 1:00:00,3612.091536
2/9/2021 2:00:00,3614.455249
2/9/2021 3:00:00,3627.211984
2/9/2021 4:00:00,3664.610613
2/9/2021 5:00:00,3713.035429
2/9/2021 6:00:00,3779.713834
2/9/2021 7:00:00,3881.99712
2/9/2021 8:00:00,3950.754454
2/9/2021 9:00:00,3946.064204
2/9/2021 10:00:00,3941.474496
2/9/2021 11:00:00,3919.235099
2/9/2021 12:00:00,3903.523178
2/9/2021 13:00:00,3842.781943
2/9/2021 14:00:00,3791.452738
2/9/2021 15:00:00,3750.213343
2/9/2021 16:00:00,3732.956404
2/9/2021 17:00:00,3739.090825
2/9/2021 18:00:00,3745.234695
2/9/2021 19:00:00,3824.422998
2/9/2021 20:00:00,3889.443579
2/9/2021 21:00:00,3908.25535
2/9/2021 22:00:00,3930.077683
2/9/2021 23:00:00,3912.883567
2/10/2021 0:00:00,3868.544409
2/10/2021 1:00:00,3866.320526
2/10/2021 2:00:00,3891.852858
2/10/2021 3:00:00,3891.093046
2/10/2021 4:00:00,3909.028978
2/10/2021 5:00:00,3934.424211
2/10/2021 6:00:00,3978.011461
2/10/2021 7:00:00,4038.717697
2/10/2021 8:00:00,4060.063824
2/10/2021 9:00:00,4053.218788
2/10/2021 10:00:00,4083.439792
2/10/2021 11:00:00,4087.069523
2/10/2021 12:00:00,4060.283352
2/10/2021 13:00:00,4051.202252
2/10/2021 14:00:00,4059.453686
2/10/2021 15:00:00,4080.780033
2/10/2021 16:00:00,4092.284657
2/10/2021 17:00:00,4142.129299
2/10/2021 18:00:00,4174.603703
2/10/2021 19:00:00,4226.643024
2/10/2021 20:00:00,4278.257638
2/10/2021 21:00:00,4271.30705
2/10/2021 22:00:00,4252.853509
2/10/2021 23:00:00,4213.206224
2/11/2021 0:00:00,4174.036706
2/11/2021 1:00:00,4016.167639
2/11/2021 2:00:00,3988.28822
2/11/2021 3:00:00,4003.049306
2/11/2021 4:00:00,3999.442103
2/11/2021 5:00:00,4011.240399
2/11/2021 6:00:00,4066.576811
2/11/2021 7:00:00,4099.103495
2/11/2021 8:00:00,4134.553717
2/11/2021 9:00:00,4135.544841
2/11/2021 10:00:00,4122.195373
2/11/2021 11:00:00,4136.143491
2/11/2021 12:00:00,4107.888202
2/11/2021 13:00:00,4051.332584
2/11/2021 14:00:00,4010.839497
2/11/2021 15:00:00,3992.691006
